,Unnamed: 0,api_path,primary_artist,title,url,song_endpoint,album,release_date,lyrics,polarity,anger,anticipation,disgust,fear,joy,negative,positive,sadness,surprise,trust
0,0,/songs/247618,Amy Winehouse,Addicted,https://genius.com/Amy-winehouse-addicted-lyrics,http://api.genius.com/songs/247618,Back to Black,2006-10-26," Tell your boyfriend next time he around To buy his own weed and don't wear my shit down I wouldn't care if brave would give me some more I'd rather him leave you then leave him my draw   When you smoke all my weed man You got to call the green man So I can get mine and you get yours   Once is enough to make me attached So bring me a bag and your man can come back I'll check him at the door make sure he got green I'm tighter than airport security teams   When you smoke all my weed man You got to call the green man So I can get mine and you get yours   I'm my own man so when will you learn That you got a man but I got to burn Don't make no difference if I end up alone I'd rather have myself and smoke my homegrown It's got me addicted, does more than any dick did   Yeah I can get mine and you get yours Yeah I can get mine and you get yours",-0.0009,1,2,1,0,3,4,6,2,2,7
1,1,/songs/435850,Amy Winehouse,Alcoholic Logic,https://genius.com/Amy-winehouse-alcoholic-logic-lyrics,http://api.genius.com/songs/435850,None,2008-01-01," Swinging back and forth A beautiful thing taking you away My head is spinning   My girl tried to stop me But I had a taste of you Unfamiliar surroundings Left me wanting something new Physically you ain't my type But you're one of a kind So subconsciously on purpose I left my coat behind   I can't help it, need to stop it All that I put myself through Everyone is so denying Yeah, it's nice to meet you, too   I hate my alcoholic logic As I write this on the train Victoria's Secret in my bag And my thighs ache again Last night tips into my mind Through the puddle in my head I always get what I want I think I even said   I can't help it, need to stop it All that I put myself through Everyone is so denying Yeah, it's nice to meet you, too   Although I enjoyed it I should have tied up my loose ends But I left my jacket with you And you know my friends So maybe you will get my number Or ask them when I'm ached down But I may have forgotten you By the next time I'm in town   I can't help it, need to stop it All that I put myself through Everyone is so denying Yeah, it's nice to meet you, too",-0.8415,1,4,1,2,3,7,3,4,0,3
2,2,/songs/4376237,Amy Winehouse,All My Lovin',https://genius.com/Amy-winehouse-all-my-lovin-lyrics,http://api.genius.com/songs/4376237,None,2004-06-21,"  Close your eyes and I'll kiss you Tomorrow I'll miss you Remember I'll always be true And then while I'm away I'll write home everyday And I'll send all my loving to you    I'll pretend that I'm kissing The lips I am missing And hope that my dreams will come true And then while I'm away I'll write home every day And I'll send all my loving to you    All my loving I will send to you All my loving, darling I'll be true    Close your eyes and I'll kiss you Tomorrow I'll miss you Remember I'll always be true And then while I'm away I'll write home everyday And I'll send all my loving to you    All my loving I will send to you All my loving, darling I'll be true All my loving, all my loving ah, ah, ah All my loving I will send to you-ouu-ouuh-yo",0.9971,0,5,0,1,20,2,20,1,3,18
3,3,/songs/800473,Amy Winehouse,Amy Amy Amy,https://genius.com/Amy-winehouse-amy-amy-amy-lyrics,http://api.genius.com/songs/800473,Frank,2003-10-20," Attract me, till it hurts to concentrate Distract me, stops me doin' work I hate Just to show him how it feels I walk past his desk in heels One leg resting on the chair From the side he pulls my hair   Amy, Amy, Amy Although I've been here before Amy, Amy, Amy He's just too hard to ignore Masculine, you spin a spell I think you'd wear me well Amy, Amy, Amy Where's my moral parallel   It takes me, half an hour to write a verse He makes me imagine it from bad to worse My weakness for the other sex Every time his shoulders flex The way the shirt hangs off his back My train of thought spins right off track   Amy, Amy, Amy Although I've been here before Amy, Amy, Amy He's just too hard to ignore Masculine, he spins a spell, yeah I think he'd wear me well Amy, Amy, Amy So where's my moral parallel   His own style, right down to his Diesel jeans Immobile, I can't think by any means Underwear peeks out the top I'll let you know when you should stop From the picture my mind drew I know I'd look good on you   Amy, Amy, Amy Although I've been here before Amy, Amy, Amy You're too hard to ignore Masculine, you spin a spell I think you'd wear me well Amy, Amy, Amy So where's my moral parallel   Creative energy abused All my lyrics go unused When I clock black hair blue eyes I drift off, I fantasize   Amy, Amy, Amy Although I've been here before Amy, Amy, Amy He's just too hard to ignore Masculine, he spins a spell I think he'd wear me well Amy, Amy, Amy So where's my moral parallel Amy, Amy, Amy Although I've been here before Amy, Amy, Amy He's just too hard to ignore Masculine, he spins a spell I think he'd wear me well Amy, Amy, Amy Where's my moral parallel",-0.9524,8,7,2,4,2,18,16,6,1,15
4,4,/songs/328608,Amy Winehouse,Amy Amy Amy (Outro),https://genius.com/Amy-winehouse-amy-amy-amy-outro-lyrics,http://api.genius.com/songs/328608,None,2003-10-20," Attract me, till it hurts to concentrate Distract me, stop me doing work I hate Just to show him how it feels; I walk past his desk in heels One leg resting on the chair From the side he pulls my hair   Amy Amy Amy Although I've been here before Amy Amy Amy He's just too hard to ignore Masculine you spin a spell I think you'd wear me well Amy Amy Amy Where's my moral parallel?   It takes me half an hour to write a verse He makes me imagine it from bad to worse My weakness for the other sex Every time his shoulders flex The way the shirt hangs off his back My train of thought spins right off track   His own style, right down to his Diesel jeans Immobile, I can't think by any means Underwear peeks out the top I'll let you know when you should stop From the picture my mind drew I know I'd look good on you   Creative energy abused All my lyrics go unused When I clock black hair blue eyes I drift off I fantasize  ",-0.9403,4,7,2,4,2,10,8,6,1,7
5,5,/songs/328740,Amy Winehouse,A Song for You,https://genius.com/Amy-winehouse-a-song-for-you-lyrics,http://api.genius.com/songs/328740,Lioness: Hidden Treasures,2011-12-02," I've been so many places in my life and time I've sung a lot of songs, I've made some bad rhyme I've acted out my life in stages With ten thousand people watching But we're alone now and I'm singing this song for you I know your image of me is what I hope to be I've treated you unkindly but can't you see There's no one more important to me So darling, won't you please see through me? Because we're alone now and I'm singing this song for you You taught me precious secrets of the truth with holding nothing You came out in front, well baby I was high then But now I'm so much better with my words coming together Listen to the melody because my love is in there hiding I love you in a place where there's no space or time I love you for my life Because you the boy next door and a friend of mine And when my life is over Remember  Being together And I was singing this song for you   We were alone and And I was singing this song Singing this song **** We were all alone We belong And I was singing my song for you We were alone and I was singing our song for you",0.9865,1,5,2,2,8,2,11,1,2,8
6,6,/songs/1956712,Amy Winehouse,Back To Black - Steve Mac Vocal,https://genius.com/Amy-winehouse-back-to-black-steve-mac-vocal-lyrics,http://api.genius.com/songs/1956712,None,2015-10-30,"He left no time to regret Kept his d*** wet With his same old safe bet Me and my head high And my tears dry Get on without my guy You went back to what you knew So far removed from all that we went through And I tread a troubled track My odds are stacked I'll go back to black We only said good-bye with words I died a hundred times You go back to her And I go back to.... I go back to us I love you much It's not enough You love blow and I love puff And life is like a pipe And I'm a tiny penny rolling up the walls inside We only said goodbye with words I died a hundred times You go back to her And I go back to We only said good-bye with words I died a hundred times You go back to her And I go back to Black, black, black, black, black, black, black I go back to I go back to We only said goodbye with words I died a hundred times You go back to her And I go back to black",-0.6486,0,10,0,0,6,10,10,10,2,7
7,7,/songs/435834,Amy Winehouse,Beat the Point to Death,https://genius.com/Amy-winehouse-beat-the-point-to-death-lyrics,http://api.genius.com/songs/435834,None,2008-01-01," I make a name for myself in different ways All the while you will see my songs of praise How can I concentrate when all the while my head Throws me scenarios so I tease myself instead Though I can talk it through Really I find it tough My frustration is relieved but not nearly enough And added to that I'm sick of having to seek some peace Because I need emotion with my physical release, yeah   x2 Can't help But bring it up and beat the point to death But my Words are for nothin', I'm wasting my breath  Can't help But bring it up and beat the point to death But my words are for nothin', I just keep wasting my breath    They're everywhere I go and I always stare I justify attraction by your hands, or lips, or hair And so although I always look I know that I can't touch Uh Because I can only take a full time man so much And now I've reached a point where I don't care anymore It's a necessity just like it was before But these days I ignore the way my body aches Cause I'm the shit I earn I can't afford mistakes, no Oh, oh, oh   Can't help But bring it up and beat the point to death But my Words are for nothin', I'm wasting my breath  Can't help But bring it up and beat the point to death But my words are for nothin', I just keep wasting my breath (My words are) No, no   Can't help I can't help but bring it up, no  But my My  Can't help Ah I can't help, oh no But my words are for nothin', I just keep wasting my breath (My words are runnin' me) Yeah, oh, oh, oh, oh   Can't help But bring it up and beat the point to death But my Words are for nothin', I'm wasting my breath  Can't help But bring it up and beat the point to death But my words are for nothin', I just keep wasting my breath  Can't help But my Can't help But my words are for nothin', I just keep wasting my breath",-0.9976,9,10,16,14,2,22,18,20,6,13
8,8,/songs/328615,Amy Winehouse,Best Friend,https://genius.com/Amy-winehouse-best-friend-lyrics,http://api.genius.com/songs/328615,None,2015-10-30," I can't wait to get away from you And surprisingly you hate me too We only communicate when we need to fight But we are best friends, right? You are too good at pretending you don't care There's enough resentment in the air Now you don't want me in the flat When you are home at night But we're best friends right?   You are Stephanie and I'm Paulette You know what all my faces mean And it's easy to smoke it up, forget Everything that happened in between   Nicky's right when he says I can't win So I don't want to tell you anything I can't even think about How you feel inside But we are best friends, right? I don't like the way you say my name You're always looking for someone to blame Now you want me to suffer just cause You was born wide But we are best friends right?   So I had love for you when I was 4 And there's no one I wanna smoke with more Someday I'll buy the Rizla, so you get the dro Because we are best friends right, right, right, right? Because we are best friends right? Because we are best friends right?",0.9966,5,3,3,2,9,8,14,2,2,13
9,9,/songs/1795124,Amy Winehouse,Best Friends,https://genius.com/Amy-winehouse-best-friends-lyrics,http://api.genius.com/songs/1795124,"The Other Side of Amy Winehouse: B-Sides, Remixes & Rarities",2011-12-02,"I can't wait to get away from you And surprisingly you hate me too We only communicate when we need to fight But we are best friends...right?  You're too good at pretending you don't care There's enough resentment in the air Now you don't want me in the flat When you're home at night But we're best friends right?  You're Stephanie and I'm Paulette You know what all my faces mean And it's easy to smoke it up, forget Everything that happened in between  Nicky's right when he says I can't win So I don't wanna tell you anything I can't even think about How you feel inside But we are best friends, right?  I don't like the way you say my name You're always looking for someone to blame Now you want me to suffer just cause You was born wide But we are best friends right?  You're Stephanie and I'm Paulette You know what all my faces mean And its easy to smoke it up, forget Everything that happened in between  So I had love for you when I was 4 And there's no one I wanna smoke with more Someday I'll buy the Rizla, so you get the dro Cause we are best friends right, right, right, right? Because we are best friends right? Because we are best friends right?",0.9963,5,3,3,2,9,9,14,2,2,13
10,10,/songs/328741,Amy Winehouse,"Best Friends, Right?",https://genius.com/Amy-winehouse-best-friends-right-lyrics,http://api.genius.com/songs/328741,Lioness: Hidden Treasures,2011-01-01," I can't wait to get away from you Unsurprisingly you hate me too We only communicate when we need to fight But we are best friends, right? You're too good at pretending you don't care There's enough resentment in the air You don't want me in the flat when you're home at night But we are best friends, right?   You're Stephanie and I'm Paulette You know what all my faces mean And it's easy to smoke it up, forget Everything that happened in between   Nicki's right when he says I can't win So I don't want to tell you anythin' I can't even think about how you feel inside But we are best friends, right?   I don't like the way you say my name You're always looking for someone to blame You want me to suffer just because you were born wide But we are best friends, right?   You're Stephanie and I'm Paulette You know what all my faces mean And it's easy to smoke it up, forget Everything that happened in between    I had love for you when I was 4 And there's no one I want to smoke with more Someday I'll buy the Rizla and you get the dro   Because we are best friends, right, right, right? Because we are best friends, right? Because we are best friends, right?",0.9966,5,2,3,2,9,9,14,2,1,13
11,11,/songs/62880,Amy Winehouse,Between the Cheats,https://genius.com/Amy-winehouse-between-the-cheats-lyrics,http://api.genius.com/songs/62880,Lioness: Hidden Treasures,2011-12-02," I would die before I divorce ya I'd take a thousand thumps for my love Cause you kissed a lucky horseshoe Stuck it in my boxing glove Does anyone who will listen up To our victories and dumb defeats Knows they all take you to the cleaners If you come between the cheats   Between the cheats Between the cheats Between the cheats   My husband is the finest handsome hustler And he still makes this housewife blush So I go with him, my hand flicks I'm sitting on the royal flush Women drink him in, swim in him with green eyes Then go home and cash the chips you've got And here maybe two, oh two bottles of The jack of hearts is my jackpot   Cause we all have to lock eyes And I know is my heart beat There's a winning secret to both And it's sworn between the cheats  ",-0.6249,9,5,7,4,8,12,9,3,4,6
12,12,/songs/1663177,Amy Winehouse,Boulevard of Broken Dreams,https://genius.com/Amy-winehouse-boulevard-of-broken-dreams-lyrics,http://api.genius.com/songs/1663177,None,2015-10-30,"(Harry Warren, Al Dubin)  I walk along the street of sorrow The boulevard of broken dreams Where gigolo and gigolette Can take a kiss without regret So they forget their broken dreams  You laugh tonight and cry tomorrow When you behold your shattered dreams And gigolo and gigolette Awake to find their eyes are wet With tears that tell of broken dreams  Here is where you'll always find me Always walking up and down But I left my soul behind me In an old cathedral town  The joy you find here, you borrow You cannot keep it long, it seems But gigolo and gigolette Still sing a song and dance along The boulevard of broken dreams  ~Interlude~  Here is where you'll always find me Always walking up and down But I left my soul behind me In an old cathedral town  The joy you find here, you borrow You cannot keep it long, it seems But gigolo and gigolette Still sing a song and dance along The boulevard of broken dreams",0.8392,6,6,0,6,10,11,11,12,2,6
13,13,/songs/800012,Amy Winehouse,Brother,https://genius.com/Amy-winehouse-brother-lyrics,http://api.genius.com/songs/800012,Frank,2003-10-20," Brother It's so much that I could never say to your face But by now You should know the world and all its ways So find your place How do I find words that do not condescend When she bore you before me Cause she doesn't need a child she needs a friend A son, not a sob story, ooh   (Now you must look after her the way she did for you) And your priority it must be heard (Now you must look after her the way she did for you) Cause we'll never be the way we were, oh   She can't always be there just to hold you down Our mother When you are at a age now, well life turns around My brother Realize that you don't have to answer to no man Responsibility comes down to you But how can I expect you to understand When you live life like it's so run-through Ooh, ooh, ooh, ooh, ooh, ooh, ooh, ooh, hoo   (Now you must look after her the way she did for you) And your priority, it must be heard (Now you must look after her the way she did for you) Cause we'll never be the way we were   The way we were We'll never be Ooh, ooh, ooh, ooh At your priority, it must be her Ooh, ooh, hoo",0.7912,0,3,0,0,3,3,8,2,1,7
14,14,/songs/62975,Amy Winehouse,Cherry,https://genius.com/Amy-winehouse-cherry-lyrics,http://api.genius.com/songs/62975,Frank,2003-10-20," Her name is Cherry We've just met But already she knows me better than you She understands me After eighteen years And you still don't see me like you ought to do   Maybe we could talk 'bout things If you was made of wood and strings While I love her every sound I dunno how to tune you down You're so thick and my patience's thin So I got me a new best friend With a pickup that puts you to shame And Cherry is her name   And when I'm lonely Cherry's there And she plays along while I sing out my blues I could be crying And you don't care You won't call me back, you're stubborn as mule Maybe we could talk 'bout things If you was made of wood and strings You might think I've gone too far I'm talking 'bout my new guitar",0.4666,5,2,2,2,3,7,11,5,0,6
15,15,/songs/328632,Amy Winehouse,Close to the Front,https://genius.com/Amy-winehouse-close-to-the-front-lyrics,http://api.genius.com/songs/328632,"The Other Side of Amy Winehouse: B-Sides, Remixes & Rarities",2007-09-05," Only paid attention in your lessons I Sat close at the front so I could see Your enthusiastic demonstrations Teaching to a class of only me And I couldn't speak directly to you Without stuttering or turning red So looking back I don't know how I handled it, yeah Futile frustration in my head   I can't help but analyze your actions Neglecting mine Before I know I've fallen hard And now I tread water in time   Hated it when I saw them together I sat around waiting for shit to end Unconsciously I tried to sabotage it To get revenge on my best friend Because I was in love with him before her I had just cause to grieve So not long after she broke up with him I got my closure on new years eve   I can't help but analyze your actions Neglecting mine Before I know I've fallen hard And now I tread water in time I can't help but analyze your actions Neglecting mine Before I know I've fallen hard And now I tread water in time   I love all the bickering and insults And when I shout at you and you smile Making coffee while my mind spills over How I catch your eye once in a while Shouldn't I have grown a little wiser? Why haven't I learned my lesson yet? And although I have made my love progresses I tend to learn as much as I forget   I can't help but analyze your actions Neglecting mine Before I know I've fallen hard And now I tread water in time I can't help but analyze your actions Neglecting mine Before I know I've fallen hard And now I tread water in time I can't help but analyze your actions Neglecting mine Before I know I've fallen hard And now I tread water in time",-0.9957,7,12,4,4,7,16,19,6,6,6
16,16,/songs/328627,Amy Winehouse,Cupid,https://genius.com/Amy-winehouse-cupid-lyrics,http://api.genius.com/songs/328627,Back to Black: B-Sides,2008-01-15," Cupid Draw back your bow And let your arrow flow Straight to my lover's heart For me, nobody but me  You better Please hear my cry And let your arrow fly Straight to my lover's heart For me   I don't want to bother you But I'm in distress There's danger of me losing All my happiness For, I love a man Who doesn't know I exist And this you can fix, so   You better Draw back your bow And let your arrow flow Straight to my lover's heart For me, nobody but me  You better Please hear my cry And let your arrow fly Straight to my lover's heart For me   Now, if your arrow makes His love strong for me I swear I'm going to love him 'til eternity I know that 'tween the both of us His heart we can steal Cupid, help me if you will   You better Draw back your bow And let your arrow flow Straight to my lover's heart For me, nobody but me  You better Please hear my cry And let your arrow fly Straight to my lover's heart For me    Yeah yeah yeah cupid Oh oh cupid I love him love him",0.9963,3,7,1,3,12,8,17,7,1,8
17,17,/songs/2858349,Amy Winehouse,Detachment (Snippet),https://genius.com/Amy-winehouse-detachment-snippet-lyrics,http://api.genius.com/songs/2858349,None,2006-01-01," I did it, it's finished, it's over and done Now I'm gonna sit back, don't wait for the fun Like a finger to the strings You'd wail if I said these things Have to lay awake guilty once you sleep Or would you take me in your arms and weep? I'm culpable for your scornful ways And I can still taste better days Now maybe it is for the best But I've lost interest I did, it's finished, it's over and done Now I'm gonna back, don't wait for the fun",0.8316,1,4,0,1,2,7,5,4,0,2
18,18,/songs/328616,Amy Winehouse,Do Me Good,https://genius.com/Amy-winehouse-do-me-good-lyrics,http://api.genius.com/songs/328616,Rehab / Do Me Good,2008-01-01, Do me good Got back together with my man last night But I think I was dreaming he didn't feel quite right I pressed his chest under my fingertips Beside myself I sighed and reminded of his lips   I'm confused and quizzical Funny once you know I just want to get physical Let me tell ya how   Do me good I'll tell you anything you want to hear Do me good do me good do me good do me good Do me good and all this craziness will disappear Do me good do me good do me good do me good (We out)   Its like he was designed with me in mind Hes so good from behind Hes beautifully defined I miss him most of all when it got late Attempt to hear him breathing Or feel his shifting weight   ,0.994,0,14,1,2,13,2,13,2,13,13
19,19,/songs/800485,Amy Winehouse,Doo Wop (That Thing),https://genius.com/Amy-winehouse-doo-wop-that-thing-lyrics,http://api.genius.com/songs/800485,None,2015-10-30,"Girls you know you betta watch out Some guys, some guys are only about That thing, that thing, that thing That thing, that thing, that thing Girls you know you betta watch out Some girls, some girls are only about That thing, that thing, that thing That thing, that thing, that thing Girls you know you betta watch out Some girls, some girls are only about That thing, that thing, that thing That thing, that thing, that thing",0.0,0,3,0,3,0,0,0,0,0,0
20,20,/songs/1906265,Amy Winehouse,Fool's Gold,https://genius.com/Amy-winehouse-fools-gold-lyrics,http://api.genius.com/songs/1906265,"The Other Side of Amy Winehouse: B-Sides, Remixes & Rarities",2011-12-02," She sits home and dreams That her man will leave his mark on her hand He's not all he seems But she's seen a dress, she has the flowers planned  Now she won't be happy Till she looks down and sees the engagement ring It's for security Cause she will be waiting years for her wedding   For me it ain't real, it's fools gold There too many fools sold, not an excuse, oh For me it ain't real, it's fools gold I don't hear everything I'm told   He won't change her life He just chasing tail and wasting her time She calls herself his wife  He calls her at 8 and says be here by 9 She don't notice how when she gets the ring it's not a good fit So next time that they row she throws it out It goes to the last girl he hit   For me it ain't real, it's fools gold There too many fools sold, not an excuse, oh For me it ain't real, it's fools gold I don't hear everything I'm told   So take the gold you find And for your own sake hold it in your hand Now make sure you bite down And watch your tooth don't break on that wedding band   For me it ain't real, it's fools gold There too many fools sold, not an excuse, oh oh For me it ain't real, it's fools gold  Fools gold, ooohh ooohhh Fools gold, ooohh ooohhh",0.9757,2,5,12,3,2,19,21,2,3,12
21,21,/songs/1988997,Amy Winehouse,Fool's Gold - [B Side],https://genius.com/Amy-winehouse-fools-gold-b-side-lyrics,http://api.genius.com/songs/1988997,Frank (B-Sides),2008-05-13," She sits home and dreams That her man will leave his mark on her hand He's not all he seems But she's seen a dress, she has the flowers planned  Now she won't be happy Till she looks down and sees the engagement ring It's for security Cause she will be waiting years for her wedding   For me it ain't real, it's fools gold There too many fools sold, not an excuse, oh For me it ain't real, it's fools gold I don't hear everything I'm told   He won't change her life He just chasing tail and wasting her time She calls herself his wife He calls her at 8 and says be here by 9  She don't notice how When she gets the ring it's not a good fit So next time that they row, she throws it out It goes to the last girl he hit   For me it ain't real, it's fools gold There too many fools sold, not an excuse, oh For me it ain't real, it's fools gold I don't hear everything I'm told   So take the gold you find And for your own sake hold it in your hand Now make sure you bite down And watch your tooth don't break on that wedding band   For me it ain't real, it's fools gold There too many fools sold, not an excuse, oh oh For me it ain't real, it's fools gold  Fools gold, ooohh ooohhh Fools gold, ooohh ooohhh",0.9757,2,5,12,3,2,19,21,2,3,12
22,22,/songs/102867,Amy Winehouse,Fuck Me Pumps,https://genius.com/Amy-winehouse-fuck-me-pumps-lyrics,http://api.genius.com/songs/102867,Frank,2004-08-23, When you walk in the bar And you’re dressed like a star Rocking your F-Me-Pumps And a man notice you With your Gucci bag crew Can’t tell who he’s looking to Cause you all look the same Everyone knows your name And that’s your whole claim to fame Never miss a night Cause your dream in life Is to be a foot-baller’s wife   You don’t like play-ers That’s what you say-a But you really wouldn't mind a million-aire You don’t like ball-ers They don’t do nothing for ya But you'd love a rich man six foot two or tall-er   You’re more than a fan Looking for a man But you end up with one night stands He could be your whole life If you got past one night But that part never goes right In the morning you’re vexed He’s on to the next And you didn't even get no taste Don’t be too upset If they call you a sket Cause like the news every day you get pressed   You don’t like play-ers That’s what you say-a But you really wouldn't mind a million-aire All them big ball-ers Don’t do nothing for ya But you'd love a rich man six foot two or tall-er   You can’t sit down right Because your jeans are too tight And you lucky it’s ladies' night With your big empty purse Every week it gets worse At least your breast cost more than hers So you did Mi-am-i Cause you got there for free But somehow you missed the plane You did too much E Met some-bod-y And spent the night getting caned Without girls like you there’d be no fun We’d go to the club and not see any-one Without girls like you there’s no night life All those men just go home to their wives Don’t be mad at me Cause your pushing 30 And your old tricks no longer work You should have known from the jump That you always get dumped So dust off your fuck me pumps,0.9919,2,2,1,2,6,6,14,3,2,9
23,23,/songs/77056,Amy Winehouse,Half Time,https://genius.com/Amy-winehouse-half-time-lyrics,http://api.genius.com/songs/77056,Lioness: Hidden Treasures,2011-12-02," Simple, sweet guitar Humbled by the bass So when the beat kicks in Everything falls into place And it overpowers me I can’t help but dance You can try to stop me now But you won’t get the chance   Halftime, time to think it through Consider the change Seek it from a different view Halftime, time to think it through Consider the change   Rhythm floods my heart The melody it feeds my soul The tune tears me apart And I swallow it whole You should thank your lucky star Cause the music is a gift And it’s stronger than all else Provides me with the bliss   Halftime, time to think it through Consider the change Seek it from a different view Halftime, time to think it through Consider the change   My lyrics revealing Some natural vibe It's a kind of laid back feeling Oh just let it ride And when Frank Sinatra sings It’s too much to take, yeah So I sing the standard shit It pacifies my ache   Halftime, time to think it through Consider the change Seek it from a different view Halftime, time to think it through Consider the change",0.9473,3,14,2,8,10,5,13,6,5,7
24,24,/songs/76430,Amy Winehouse,He Can Only Hold Her,https://genius.com/Amy-winehouse-he-can-only-hold-her-lyrics,http://api.genius.com/songs/76430,Back to Black,2006-10-27," He can only hold her for so long The lights are on but no one's home She's so vacant her soul is taken He thinks ""What's she running from?   Now how can he have her heart When it got stole? So he tries to pacify her Because what's inside her never dies   Even if she's content in his warmth She is plagued with urgency Searching kisses, the man she misses The man that he longs to be   Now how can he have her heart When it got stole? So he tries to pacify her Because what's inside her never dies  So he tries to pacify her Because what's inside her, it never dies   So he tries to pacify her But what's inside her never dies",0.7041,0,3,0,1,2,0,2,0,2,1
25,25,/songs/4387749,Amy Winehouse,He Can Only Hold Her / Doo Wop (That Thing),https://genius.com/Amy-winehouse-he-can-only-hold-her-doo-wop-that-thing-lyrics,http://api.genius.com/songs/4387749,I Told You I Was Trouble: Live in London,2007-11-05,"***[Part 1 - ""He Can Only Hold Her""]***   He can only hold her for so long The lights are on but no one's home She’s so vacant her soul is taken He thinks ""What's she running from?""   Now how can he have her heart When it got stole? So he tries to pacify her Because what's inside her never dies   Even if she’s content in his warmth She is plagued with urgency Searching kisses, the man she misses The man that he longs to be   Now how can he have her heart When it got stole? So he tries to pacify her Because what's inside her never dies  ***[Part 2 - ""Doo Wop (That Thing)""]***   Now guys you know you'd better watch out Some girls, some girls are only about That thing, that thing, that thing That thing, that thing, that thing   Now guys you know you'd better watch out Some girls, some girls are only about That thing, that thing, that thing That thing, that thing, that thing   Now guys you know you'd better watch out Some girls, some girls are only about That thing, that thing, that thing That thing, that thing, that thing",0.9545,1,6,0,4,2,0,2,0,2,1
26,26,/songs/254777,Amy Winehouse,Help Yourself,https://genius.com/Amy-winehouse-help-yourself-lyrics,http://api.genius.com/songs/254777,Frank,2004-08-23," When I walk in your shoes I understand a man confused They much too big, but I don't care I feel the weight your shoulders bear Now I really empathize Looking through your bloodshot eyes And I know you, you're so frustrated But we all become what we once hated Besides nobody can be that wise   I can't help you if you won't help yourself I can't help you if you don't help yourself You can only get so much from someone else (you can only get so much from me) I can't help you if you won't help yourself   You got a degree in philosophy So you  think you cleverer than me (cause you so smart) But I'm not just some drama queen Cause its where you're at, not where you've been So what do you expect from me (what do you want) To hold your head above the sea (keep you high and dry) And carry you, even though you bigger Cause don't you know you crush my tiny figure And anyway, we still so young (yeah, I'm so young) And this isn't yesterday   I can't help you if you won't help yourself I can't help you if you don't help yourself You can only get so much from someone else (you can only get so much from me) I can't help you if you won't help yourself    You might be twenty-five but in my mind I see you at sixteen years old most of the time And I, I'm just a child and you're full grown And it was like nothing that I've ever known You are like nothing that I ever knew",-0.9889,2,6,1,2,4,2,14,1,4,7
27,27,/songs/328619,Amy Winehouse,Hey Little Rich Girl,https://genius.com/Amy-winehouse-hey-little-rich-girl-lyrics,http://api.genius.com/songs/328619,I Told You I Was Trouble: Live in London,2008-01-15," I bought you a fur coat when you were fifteen You wore it to the disco when everyone was in jeans   But you were just a rich girl and only having fun Your worn-out dresses drew stares from everyone Hey, little rich girl where did you go wrong?   You left for London when you were nineteen Had to pawn all your nice clothes, just living on dreams A man in the bright lights took all that you own Now he's taken your freedom for a taste unknown   But you were just a rich girl and only having fun Your worn-out dresses drew stares from everyone Hey, little rich girl where did you go wrong?    Hey, little rich girl you've been away for so long And now little rich girl, I wrote you in this song Hey, little rich girl, baby, love is gone And now little rich girl, I know where you belong At your dad's office party all the movies were blue You caused him so much heartache because the screen star was you You left for London when you were nineteen Had to pawn all your nice clothes just living on a dream   But you were just a rich girl and only having fun Your worn-out dresses drew stares from everyone Hey, little rich girl where did you go wrong?",0.9982,0,6,0,1,7,10,7,5,0,4
28,28,/songs/800589,Amy Winehouse,I Heard It Through The Grapevine,https://genius.com/Amy-winehouse-i-heard-it-through-the-grapevine-lyrics,http://api.genius.com/songs/800589,"The Other Side of Amy Winehouse: B-Sides, Remixes & Rarities",2011-12-02,"(feat. Paul Weller) I bet you wonderin' How I knew 'Bout your plans To make me blue With some other guy You knew before Between two of us guys You know I love you more It took me by surprise I must say When I found you yesterday Don't you know that I heard it Through the grapevine Not much longer Would you be mine Uhh, uhh Heard it through The grapevine Oh I'm just about To lose my mind Honey, honey Oh, baby Ooh ooh honey honey I know a man Ain't supposed to cry But these tears I can't hold inside Losin' you Would end my life You see Cause you mean That much to me You could have Told me yourself That you loved Someone else Instead I heard it Through the grapevine Not much longer Would you be mine Ohh I heard it Through the grapevine And I'm just About to lose my mind Honey, honey People say believe Half of what you see Oh, and none Of what your hear But I can't help But be confused If it's true Please tell me dear Do you plan To let me go For the other guy You loved before?",0.9098,3,3,2,3,6,4,14,4,4,3
29,29,/songs/140948,Amy Winehouse,I Heard Love Is Blind,https://genius.com/Amy-winehouse-i-heard-love-is-blind-lyrics,http://api.genius.com/songs/140948,Frank,2003-10-20," I couldn't resist him His eyes were like yours His hair was exactly the shade of brown He's just not as tall But I couldn't tell It was dark and I was lying down  You are everything He means nothing to me I can't even remember his name Why're you so upset? Baby, you weren't there And I was thinking of you when I came  What do you expect? You left me here alone I drank so much and needed your touch Don't overreact I pretended he was you You wouldn't want me to be lonely  How can I put it so you understand? I didn't let him hold my hand But he looked like you I guess he looked like you No he wasn't you But you can still trust me This ain't infidelity It's not cheating You were on my mind   Yes he looked like you But I heard love is blind",0.9388,4,1,3,2,2,7,4,4,2,3
30,30,/songs/3318565,Amy Winehouse,I Love You More Than You'll Ever Know,https://genius.com/Amy-winehouse-i-love-you-more-than-youll-ever-know-lyrics,http://api.genius.com/songs/3318565,None,2015-10-30,"If I ever leave you, baby You can say I told you so And if I ever hurt you I hurt myself as well  Now is that any way for a man to carry on Do you think, I want my loved one gone Said I love you More than you'll ever know More than you'll ever know  When I wasn't making too much money You know where my paycheck went I brought it home to ya baby I never spent a red cent  Now, is that any way for a man to carry on Do you think I want my loved one gone Said I love you More than you'll ever know More than you'll ever know  I'm not trying to be Just any kind of man I'm just trying to be somebody You can love, trust and understand I know, I know, I know, I can be The part of you that no one else could see  But I got to hear ya say I got to hear ya say It's alright  I'm only flesh and blood But I can be anything that you demand I can be king of everything Or just a tiny grain of sand  Now, is that anyway for a man to carry on Do you think that I wants my loved one gone Said I love you more than you'll ever know I don't want nobody else I don't need nobody else I love you more than you'll ever know",0.9845,4,1,1,2,9,5,12,3,2,5
31,31,/songs/128681,Amy Winehouse,In My Bed,https://genius.com/Amy-winehouse-in-my-bed-lyrics,http://api.genius.com/songs/128681,Frank,2004-04-05,"   Wish I could say it breaks my heart Like you did in the beginning It's not that we grew apart A nightingale no longer singing Its something I know you can't do Separate sex with emotion I sleep alone, the sun comes up You're still clinging to that notion   Everything is slowing down River of no return Recognise my every sound There's nothing new to learn   You'll never get my mind right Like two ships passing in the night In the night, in the night Want the same thing where we lay Otherwise mine's a different way A different way from where I'm going Oh, its you again listen this isn't a reunion So sorry if I turn my head Yours is a familiar face But that don't make your place safe In my bed my bed my bed   I never thought my memory Of what we had could be intruded But I couldn't let it be I needed it as much as you did Now its not hard to understand Why we just speak at night The only time I hold your hand Is to get the angle right   Everything is slowing down River of no return Recognise my every sound There's nothing new to learn   You'll never get my mind right Like two ships passing in the night In the night, in the night Want the same thing where we lay Otherwise mine's a different way A different way from where I'm going Oh, its you again listen this isn't a reunion So sorry if I turn my head Yours is a familiar face But that don't make your place safe In my bed my bed my bed",0.9282,0,8,0,0,4,0,13,0,2,10
32,32,/songs/62977,Amy Winehouse,Intro / Stronger Than Me,https://genius.com/Amy-winehouse-intro-stronger-than-me-lyrics,http://api.genius.com/songs/62977,Frank,2003-10-06," You should be stronger than me You been here 7 years longer than me Don't you know you supposed to be the man Not pale in comparison to who you think I am You always wanna talk it through - I don't care! I always have to comfort you when I'm there But that's what I need you to do - stroke my hair!   Cause' I've forgotten all of young love's joy Feel like a lady, and you my lady boy   You should be stronger than me But instead you're longer than frozen turkey Why'd you always put me in control? All I need is for my man to live up to his role Always wanna talk it through - I'm OK Always have to comfort you every day But that's what I need you to do - are you gay?   Cause' I've forgotten all of young love's joy Feel like a lady, and you my lady boy   He said ""the respect I made you earn Thought you had so many lessons to learnt"" I said ""You don't know what love is - get a grip!"" Sounds as if you're reading from some other tired script I'm not gonna meet your mother anytime I just wanna grip your body over mine Please tell me why you think that's a crime   I've forgotten all of young love's joy Feel like a lady, and you my lady boy   You should be stronger than me You should be stronger than me You should be stronger than me You should be stronger than me",0.9914,1,9,3,4,14,10,23,5,3,8
33,33,/songs/1977957,Amy Winehouse,I Saw Mummy Kissing Santa Claus,https://genius.com/Amy-winehouse-i-saw-mummy-kissing-santa-claus-lyrics,http://api.genius.com/songs/1977957,None,2015-10-30,"I saw mommy kissing Santa Claus Underneath the mistletoe last night She didn't hear me creep Down the stairs to have a peep She thought that I was tucked up In my bedroom fast asleep Then I saw mommy tickle Santa Claus Underneath his snowy beard so white Oh, what a laugh it would have been If Daddy had only seen Mommy kissing Santa Claus last night Then I saw mommy tickle Santa Claus Underneath his beard so snowy white Oh, what a laugh it would have been If Daddy had only seen Mommy kissing Santa Claus last night Oh, my Mommy kissing Santa Claus last night Oh, my Mommy kissing Santa Claus last night",0.9792,0,5,0,0,6,1,6,0,4,4
34,34,/songs/798566,Amy Winehouse,I Should Care,https://genius.com/Amy-winehouse-i-should-care-lyrics,http://api.genius.com/songs/798566,None,2015-10-30,"I should care, I should go around weeping I should care, I should go without sleeping Strangely enough, I sleep well 'cept for a dream or two But then I count my sheep well Funny how sheep can lull you to sleep So I should care, I should let it upset me I should care but it just doesn't get me Maybe I won't find someone as lovely as you But I should care and I do (brief instrumental interlude) I should care but it just doesn't get me Maybe I won't find someone as lovely as you But I should care and I do And I do",0.991,1,3,0,0,2,1,5,4,2,3
35,35,/songs/52866,Amy Winehouse,Just Friends,https://genius.com/Amy-winehouse-just-friends-lyrics,http://api.genius.com/songs/52866,Back to Black,2006-12-19," When will we get the time to be just friends? It's never safe for us not even in the evening 'Cos I've been drinking Not in the morning where your shit works It's always dangerous when everybody's sleeping And I've been thinking Can we be alone? Can we be alone?   When will we get the time to be just friends? When will we get the time to be just friends?   And no I'm not ashamed but the guilt will kill you If she don't first I'll never love you like her Though we need to find the time To just do this shit together For it gets worse I wanna touch you But that just hurts   When will we get the time to be just just friends When will we get the time to be just friends, just friends When will we get the time to be just friends, just friends When will we get the time to be just friends, just friends Just friends",0.5882,3,8,4,4,13,9,14,5,0,13
36,36,/songs/96685,Amy Winehouse,Know You Now,https://genius.com/Amy-winehouse-know-you-now-lyrics,http://api.genius.com/songs/96685,Frank,2003-10-20," You're just a little boy underneath that hat You need your nerve to hide your ego - don't come with that You think everything gets handed to you free But it's not that easy, no   I gotta know you now We may never meet again I gotta know you now and then   My girl says I'm too sensitive to run with you But I'm not listening to her, mm hm Yes I'm perceptive so when I'm done with you You'll wish your head back the way it were As you were   I gotta know you now We may never meet again I gotta know you now and then   Oh, I'm not ruling you out, I'm just in doubt As to what you say you're all about, yeah   I gotta know you now We may never meet again I gotta show you now and them I gotta know you now and then   I got to know you now We may never meet again I got to know you now We may never meet again I got to know you now We may never meet again I got to know you now We may never meet again",0.7699,0,0,1,2,0,2,2,1,0,3
37,37,/songs/58468,Amy Winehouse,Like Smoke,https://genius.com/Amy-winehouse-like-smoke-lyrics,http://api.genius.com/songs/58468,Lioness: Hidden Treasures,2011-11-03," I never wanted you to be my man I just needed company Don't want to get dependent on Your time or who you spend it on I lose it when you love me Like smoke, I hung around in the unbalanced Woah, ohh   It’s not a movie, this is not a script to proofread I’ll spit some untruths to dumb fools and groupies Fun to punctuate, pronounciate the funds I make The miles I take put in your face Oh my mistake, you’re not a floozy Then excuse me Before I talk, my style introduced me Get your name and phone number like 1-2-3 Y’all know the story, y’all know the commentary I kick the narrative, this is legendary The good Samaritan, hood thespian Like a polygamist, with a twist Will I marry again? Maybe, I guess I hold a lady’s interest, I just met The love scholar, she’s the teacher’s pet Every other eve we meet and make each other sweat I feel triumphant, no strings Just a fling to have fun with I be out in London, Camden Huntin’ for the answers, why did God take away the homie? I can’t stand it I’m a firm believer that we all meet up in eternity Just hope the big man show me some courtesy Why? ‘Cause I’m deemed a heart breaker Like smoke, girls linger ‘round a player   I never wanted you to be my man I just needed company Don't want to get dependent on Your time or who you spend it on I lose it when you love me Like smoke, I hung around in the unbalanced Woah, ohh   Yo, this recession is a test It’s affecting my complexion Misdirectin' my affection My concerns are bill collections The facts is the taxes, they after me Chapter three, my property My handlers, they dealt with me improperly I say some things I should probably keep privately Evaluate the world bank trusts like I’m IEG Those fly suites and my bourgeoisie Tall freak, she wouldn’t protest with me at Wall Street She says, no you’re so deep I said, no let’s go through it Historically so ruthless as feds came for Joe Louis She said, my man you need to laugh sometimes Classifies me as a bore, I tell her have some wine You colder than penguin pussy, in her dismay She’s thinkin’ that’s just so silly to say But if you really think about it hussy See a penguin, he drags his ass on the ground all day And it’s a dragon, it’s a bastard you’re in tune with, just lust I’m through with you after my crush So is that humorous enough? The smoke I puff Tell the car to go to Aura, Funky Buddah, Whisky Mist on Mayfair I hope I meet Monie Love so she can show me love NYC to UK I might stay there Everybody in the club tonight say, “Yeah” You know how me and Amy are, straight players   Ohh, ohh, ohh, ohh",0.9798,7,13,8,10,17,22,28,7,9,19
38,38,/songs/328623,Amy Winehouse,Long Day,https://genius.com/Amy-winehouse-long-day-lyrics,http://api.genius.com/songs/328623,None,2008-01-01," Running down my batteries Laying me out to rest Knowing when that in Five hours I'll wake up and de-stress And I'm digging myself into a hole And these days I just work When once I had so much soul   And lately I've forgotten who I am Need to let my energy just drain away And now - my mind - is working overtime It's been a long day Such a long day   And while all my contemporaries (All my friends, yeah) Are sitting in college now My education is dragging, dragging My guitar through London town And the thing that wakes me when I could sleep instead Is the thought that tonight I can fall back into bed   Recently my head It isn't recharged as such And sleep can only cure, yeah A restless mind so much  ",0.5267,1,3,0,1,1,4,4,2,0,1
39,39,/songs/800340,Amy Winehouse,Lullaby Of Birdland,https://genius.com/Amy-winehouse-lullaby-of-birdland-lyrics,http://api.genius.com/songs/800340,None,2015-10-30,"Oh, lullaby by birdland that's what i Always hear, when you sigh Never in my wordland could there be words to reveal In a phrase how i feel Have you ever heard two turtle doves Bill and coo, when they love? That's the kind of magic music we made with our lips When we kiss And there's a weepy old willow He really knows how to cry That's how i'd cry in my pillow If you should tell me farewell and goodbye Lullaby by birdland whisper low Kiss me sweet, and we'll go Flying high in birdland, high in the sky up above All because we're in love Lullaby, lullaby Have you ever heard two turtle doves Bill and coo when they love? That's the kind of magic music we made with our lips When we kiss And there's a weepy old willow He really knows how to cry That's how i'd cry in my pillow If you should tell me farewell and goodbye Lullaby by birdland whisper low Kiss me sweet, and we'll go Flying high in birdland, high in the sky up above All because we're in love",0.9456,0,8,0,2,16,4,23,6,6,7
40,40,/songs/52864,Amy Winehouse,Me and Mr. Jones,https://genius.com/Amy-winehouse-me-and-mr-jones-lyrics,http://api.genius.com/songs/52864,Back to Black,2006-12-19," Nobody stands in between me and my man It's me and Mr. Jones (Me and Mr. Jones)   What kind of fuckery is this? You made me miss the Slick Rick gig (Oh, Slick Rick) You thought I didn't love you when I did (When I did) Can't believe you played me out like that (Ahhh)   No, you ain't worth guest list Plus one of all them girls you kiss (All them girls) You can't keep lying to yourself like this (To yourself) Can't believe you played yourself (out) like this   Rulers one thing but come Brixton Nobody stands in between me and my man Cause it's me and Mr. Jones (Me and Mr. Jones)   What kind of fuckery are we? Nowadays you don't mean dick to me (Dick to me) I might let you make it up to me (Make it up) Who's playing Saturday?   What kind of fuckery are you? Side from Sammy you're my best black Jew (Best black Jew) But I could swear that we were through (We were through) I still wonder 'bout the things you do   Mr. Destiny 9 and 14 Nobody stands in between me and my man Cause it's me and Mr. Jones Mr. Jones (Me and Mr. Jones)",0.93,2,2,1,0,5,4,8,2,1,5
41,41,/songs/2858352,Amy Winehouse,Money (No More Jazz n' Blues),https://genius.com/Amy-winehouse-money-no-more-jazz-n-blues-lyrics,http://api.genius.com/songs/2858352,None,2001-01-01," It's always gone within two days Follow my father, his extravagant ways So if I got it I will spend it all Camden and Parkway 'til I hit a wall I cross my fingers at the cash machine As I check my balance I kiss the screen I love it when it says I got the means To go to Miss Sixty and pick up my new jeans   Never lasts me long Handle finance wrong Blow it all on bags and shoes Jazz 'n blues Never lasts me long Handle finance wrong Blow it all on bags and shoes Jazz 'n blues   Standin' too deep at the bar today Wait with impatience to throw my cash away Four white Russians a JD and Coke Buy their drinks all night and now I am broke But that's cool 'cause I can borrow more from you And I didn't forget about that fifty pound, too Tell you what, my advance is comin' through I'll take you out shoppin' Can you wait 'til next June? Yeah   Never lasts me long Handle finance wrong (handle it wrong) Blow it all on bags and shoes Jazz 'n blues (jazz and blues) Never lasts me long (long) Handle finance wrong (wrong) Blow it all on bags and shoes (blow it all) Jazz 'n blues",-0.6429,5,12,0,5,6,14,9,7,2,5
42,42,/songs/328626,Amy Winehouse,Monkey Man,https://genius.com/Amy-winehouse-monkey-man-lyrics,http://api.genius.com/songs/328626,I Told You I Was Trouble: Live in London,2008-01-15," Aye yi yi, aye yi yi Hugging up the big monkey man Aye yi yi, aye yi yi Hugging up the big monkey man   I never saw you, I only heard of you Hugging up the big monkey man I never saw you, I only heard of you Hugging up the big monkey man   It's your lie, it's your lie Hugging up the big monkey man It's your lie, it's your lie Hugging up the big monkey man   Now I know that, now I understand Hugging up the big monkey man Now I know that, now I understand Hugging up the big monkey man   La la la la la la Hugging up the big monkey man La la la la la la Hugging up the big monkey man",0.9776,4,0,4,0,0,4,4,4,0,0
43,43,/songs/800177,Amy Winehouse,Moody's Mood For Love,https://genius.com/Amy-winehouse-moodys-mood-for-love-lyrics,http://api.genius.com/songs/800177,None,2015-10-30,"There I go, there I go, there I go, there I go Pretty baby you are the soul, snaps my control Such a funny thing but every time you're near me I never can behave You give me a smile and I'm wrapped up in your magic There's music all around me Crazy music, music that keeps calling me so Very close to you, turns me into your slave Come on and do with me any little thing that you want to Anything, baby just let me get next to you  So am I insane or do I really see heaven in your eyes? Bright as stars that shine up above you In the clear blue sky, how I worry 'bout you Just can't live my life without you Baby come here, don't have no fear Oh, is there wonder why I'm really feeling in the mood for love  So tell me why, stop to think about this weather, my dear This little dream might fade away There I go talking out of my head again Baby won't you come and put our two hearts together That would make me strong and brave Oh, when we are one, I'm not afraid, I'm not afraid  If there's a cloud up above us Go on and let in rain I'm sure our love together would endure a hurricane Oh my baby won't you please let me love you And get a release from this awful misery  What is all this talk about loving me, my sweet I am not afraid, not anymore Not like before, can't you understand me Don't you understand me, now baby please Pull yourself together, do it very soon My soul's on fire, come on and take I'll be what you make me, my darling, my sweet  Oh baby, you make me feel so good Let me take you by the hand Come let us visit out there In that new promised land  Maybe there we can find A good place to keep a lovin' state of mind I'm so tired of being without it And never knew what love was all about James Moody would you come on hit me You can blow now if you want to, I'm through",0.9972,10,9,3,13,24,17,34,11,6,12
44,44,/songs/328600,Amy Winehouse,Moody's Mood For Love / Teo Licks,https://genius.com/Amy-winehouse-moodys-mood-for-love-teo-licks-lyrics,http://api.genius.com/songs/328600,Frank,2003-10-20," There I go, there I go, there I go, there I go Pretty baby you are the soul, snaps my control Such a funny thing but every time you're near me I never can behave You give me the smile and then I'm wrapped up in your magic There's music all around me Crazy music, music that keeps calling me so Very close to you, turns me your slave Come on and do with me any little thing that you want to Anything, baby just let me get next to you So am I insane or do I really see heaven in your eyes? Bright as stars that shine up above you In the clear blue skies, how I worry about you Just can't live my life without you Baby come here, don't have no fear Oh, is there a wonder why I'm really feeling in the mood for love So tell me why, stop to think about this weather, my dear This little dream might fade away There I go talking out of my head again baby won't you Come and put our two hearts together That would make me strong and brave Oh, when we are one, I'm not afraid, I'm not afraid Now if there's a cloud up above us Come on and let it rain I'm sure our love together will endure a hurricane Oh my baby won't you please let me love you And give relief from this awful misery What is all this talk about loving me, my sweet I am not afraid, not anymore, not like before Can't you understand me, now baby please Pull yourself together, do it soon My soul's on fire, come on and take me I'll be what you make me, my darling, my sweet   Oh baby, you make me feel so good Let me take you by the hand Come let me visit out there In that new promised land   Maybe there we can find A good place to use a loving state of mind I'm so tired of being without it And never knowin' what love's about Vince Henry you can come on hit me Then you can blow now if you want to, I'm through",0.9977,8,9,3,13,25,15,35,10,6,12
45,45,/songs/4387826,Amy Winehouse,Moon River,https://genius.com/Amy-winehouse-moon-river-lyrics,http://api.genius.com/songs/4387826,None,2015-10-30," Moon River wider - than a mile I'm crossing you in style To see, where you are Oh dream maker, you heartbreaker Wherever you're going I'm going your way Two drifters off, off to see the world There's such a lot of world to see We're after the same rainbow's end   Waiting round the bend My huckleberry friend Moon River And me   Waiting round the bend My huckleberry friend Moon River and me   Moon River and me",0.6369,0,0,0,0,2,0,2,0,0,2
46,46,/songs/564550,Amy Winehouse,Mr. Magic (Through the Smoke),https://genius.com/Amy-winehouse-mr-magic-through-the-smoke-lyrics,http://api.genius.com/songs/564550,Frank,2003-10-20,"Every day I see you My hands were made for you And you always give me stress free point of view Pick you up after school  Mister Magic, take a token Mister Magic, of my love Mister Magic, I see you through the smoke  Without you I'm misery Blue without my green All the songs sound better when you're next to me Yeah, cause you come naturally  Mister Magic, take a token Mister Magic, of my love, love, love Mister Magic, I see you through the smoke  Laying on my bed I reach over for you And you so fresh you even make the standards new Burn the tip to get you through  Mister Magic, take a token Mister Magic, of my love Mister Magic, I see you through the smoke  Mister Magic Mister Magic Mister Magic, waiting for the smoke to clear I'm waiting for the smoke to clear",0.9898,1,0,1,1,6,2,7,2,0,2
47,47,/songs/196882,Amy Winehouse,October Song,https://genius.com/Amy-winehouse-october-song-lyrics,http://api.genius.com/songs/196882,Frank,2003-10-20," Today my bird flew away Gone to find her big blue jay Starlight before she took flight I sung a lullaby of birdland every night I sang a lullaby every night Sang for my Ava every night   Ava was the morning, now she's gone She's reborn like Sarah Vaughan In the sanctuary she has found Birds surround her sweet sound   And Ava flies in paradise And Ava flies in paradise   With dread I woke in my bed To shooting pains up in my head Lovebird, my beautiful bird Spoke until one day she couldn't be heard She spoke until one day she couldn't be heard She just stopped singing   Ava was the morning, now she's gone She's reborn like Sarah Vaughan In the sanctuary she has found Birds surround her sweet sound   And Ava flies in paradise And Ava flies in paradise   Ava was the morning, now she's gone She's reborn like Sarah Vaughan In the sanctuary she has found Birds surround her sweet sound   And Ava flies in paradise And Ava flies in paradise   She flies in paradise",0.9923,1,10,0,3,10,8,14,2,3,9
48,48,/songs/801839,Amy Winehouse,Our Day Will Come,https://genius.com/Amy-winehouse-our-day-will-come-lyrics,http://api.genius.com/songs/801839,Lioness: Hidden Treasures,2011-11-02," Our day will come (Our day will come) And we'll have everything We'll share the joy (We'll share the joy) Falling in love can bring No one can tell me That I'm too young to know (Young to know) I love you so (Love you so) And you love me   Our day will come (Our day will come) If we just wait a while No tears for us (No tears for us) Think love and wear a smile   Our dreams have magic Because we'll always stay in love this way   Our day will come (Our day will come, our day will come)   Our dreams have magic Because we'll always stay in love this way   Our day will come (Our day will come, our day will come)   Our day will come (Our day will come, our day will come) Our day will come (Our day will come, our day will come) Our day will come (Our day will come, our day will come) Our day will come",0.9877,0,5,0,0,14,3,14,1,3,4
49,49,/songs/1998719,Amy Winehouse,Outro,https://genius.com/Amy-winehouse-outro-lyrics,http://api.genius.com/songs/1998719,Frank,2003-10-20,"Thank you, thank you, thank you Hope you've enjoyed your time at Amy Winehouse's show Feel free to come back whenever you like But for now, you can exit on the left on the rail Take your time and slowly, but quickly, get out",0.85,1,4,0,0,1,1,1,0,1,2
50,50,/songs/435855,Amy Winehouse,Procrastination,https://genius.com/Amy-winehouse-procrastination-lyrics,http://api.genius.com/songs/435855,"The Other Side of Amy Winehouse: B-Sides, Remixes & Rarities",2008-01-01," I don't catch your drift and I don't catch your plan Need to get my thoughts down but it's getting late Need to get up now, get my feet on the ground But the show is so unprepared now  My place so messed up, I tried on some shoes Should think clear and focus but I've things to do Glancing at my CD rack, eyes linger on Frank And I must put that check in the bank   Try to put me in a room, distraction less (Everything is everything) Spare me from worse In the studio I will finally burn (All the time is all you got) Tempted to work  Always got something to do, someone to be seeing Somewhere to be dancing, I'm a wake human being It's an opportunity, shout till you go blue Unless I wanna do it, your words go through  Need to buy some cigarettes, can't put it off any longer Worked appeal depression, I feel it growing stronger Maybe when I'm all grown up, I will get it through But right now I got stuff to do   x2  Gotta get this song down before I leave tonight But my hair, just does it's own thing and I gotta look alright And I gotta write a chorus but words allude me now I have to get this down before I leave somehow  And anyway I be thinkin' to meet you at the station Guilty 'cause I should be home, damn procrastination So when they ask me later, I won't tell them how it's going But now my head is empty and the work load keeps on growing   x2",-0.914,3,7,2,1,1,12,9,8,6,9
51,51,/songs/328630,Amy Winehouse,'Round Midnight,https://genius.com/Amy-winehouse-round-midnight-lyrics,http://api.genius.com/songs/328630,Frank (B-Sides),2008-05-13," It begins to tell 'round midnight, 'round midnight I do pretty well till after sundown At suppertime I'm feelin' sad But it really gets bad 'round midnight  Memories always start 'round midnight, 'round midnight I haven't got the heart to stand those memories So when, (when), when my heart is still with you Yes old midnight knows it, too  Alone tonight Ooh oh, ooh oh oh oh ... For 'round midnight, when it comes around  So let our heart take wing, 'round midnight, 'round midnight Let the angels sing for your returning Till our love is safe and sound And old midnight comes around  Cause I'm feelin' sad And it really gets bad 'Round midnight, 'round midnight",-0.4914,2,4,2,2,5,2,6,3,1,5
52,52,/songs/4387803,Amy Winehouse,Sentimental Journey,https://genius.com/Amy-winehouse-sentimental-journey-lyrics,http://api.genius.com/songs/4387803,None,2015-10-30," Gonna take a sentimental journey Gonna set my heart at ease Gonna make a sentimental journey To renew old memories Got my bag, I got my reservation Spent each dime I could afford Like a child in wild anticipation I long to hear that all aboard   Seven, that's the time we leave, at seven I'll be waiting up for heaven Counting every mile of railroad track that moves me back I never though my heart could be so yearny Why did I decide to roam Gotta take a sentimental journey Sentimental journey home",0.9413,0,9,0,4,5,3,11,1,2,0
53,53,/songs/801270,Amy Winehouse,Someone To Watch Over Me,https://genius.com/Amy-winehouse-someone-to-watch-over-me-lyrics,http://api.genius.com/songs/801270,None,2008-05-13,"There's a saying old Says that love is blind Still we're often told Seek and ye shall find So I'm going to seek A certain lad I've had in mind  Looking everywhere Haven't found him yet But he's the big affair I cannot forget Only man I ever think Of with regret  I'd like To add his initial To my monogram Tell me Where is the shepherd For this lost lamb?  There's a somebody I'm longin' to see I hope that he turns Out to be Someone to watch over me  I'm a little lamb Who's lost in the wood I know I could Always be good To one Who'll watch over me  Although he may Not be the man some Girls think Of as handsome To my heart He'll carry the key  Won't you tell him please To put on some speed Follow my lead Oh, how I need Someone to watch over me  Now, he may not be The man some girls think of as handsome But to my heart, you carry the key Oooh  Won't you tell him please To put on some speed Follow my lead Oh, how I need Someone to watch over me Someone to watch over me",0.9594,0,9,0,5,6,5,10,3,2,7
54,54,/songs/66999,Amy Winehouse,Some Unholy War,https://genius.com/Amy-winehouse-some-unholy-war-lyrics,http://api.genius.com/songs/66999,Back to Black,2006-12-19," If my man was fighting Some unholy war I would be behind him Straight shook up beside him With strength he didn't know It's you I'm fighting for He can't lose with me in tow I refuse to let him go At his side and drunk on pride We wait for the blow  We put it in writing But who you writing for Just us on kitchen floor Justice done Reciting my stomach standing still Like you're reading my will He still stands in spite of what his scars say And I'll battle 'til this bitter finale Just me, my dignity and this guitar case  Yes my man is fighting some unholy war And I will stand beside you And who you dying for B - I would have died too I'd have liked too If my man was fighting Some unholy war If my man was fighting",-0.9718,10,1,4,10,1,19,6,4,1,3
55,55,/songs/2245117,Amy Winehouse,Some Unholy War [Down Tempo],https://genius.com/Amy-winehouse-some-unholy-war-down-tempo-lyrics,http://api.genius.com/songs/2245117,Back to Black: B-Sides,2008-01-15,"If my man was fighting (Ooo) Some unholy war (Aah) I would be behind him Straight shook up beside him (Ooo) With strength he didn't know (Aah) It's you I'm fighting for He can't lose with me in tow (With me in tow) I refuse to let him go (To let him go) At his side and drunk on pride We wait for the blow (Oh oh)  We put it in writing (Ooo) But who you writing for? (Aah) Just us on kitchen floor Justice done reciting (Ooo) My stomach standing still (Aah) Like you're reading my will He still stands in spite of what his scars say (Still standing tall) And I'll battle till this bitter finale (Battle it all) Just me, my dignity and this guitar case oh, oh, oh Yeah  My man is fighting some unholy war (Ooo, aah) I will stand beside you (Ooo) And who you dying for? B - I would have died too (Aah) I'd of liked to If my man was fighting (Ooo) Some unholy war (Aah) If my man was fighting (Ooo) Some unholy war (Aah) If my man was fighting (Ooo) Some unholy war (Aah) (Oooh)",-0.9906,12,1,4,14,1,25,7,4,1,3
56,56,/songs/1947760,Amy Winehouse,"Stronger Than Me - (Later with Jools Holland, London/2003)",https://genius.com/Amy-winehouse-stronger-than-me-later-with-jools-holland-london-2003-lyrics,http://api.genius.com/songs/1947760,Frank (B-Sides),2008-05-13,"You should be stronger than me You been here 7 years longer than me Don't you know you supposed to be the man? Not pale in comparison to who you think I am  You always wanna talk it through, I don't care I always have to comfort you when I'm there But that's what I need you to do, stroke my hair  'Cause I've forgotten all of young love's joy Feel like a lady and you my lady boy  You should be stronger than me But instead you're longer than frozen turkey Why'd you always put me in control? All I need is for my man to live up to his role  Always wanna talk it through, I'm okay Always have to comfort you everyday But that's what I need you to do, are you gay?  'Cause I've forgotten all of young love's joy Feel like a lady and you my lady boy  He said, ""The respect I made you earn Thought you had so many lessons to learn"" I said, ""You don't know what love is, get a grip Sound as if you're reading from some other tired script""  I'm not gonna meet your mother anytime I just wanna grip your body over mine Please tell me why you think that's a crime  I've forgotten all of young love's joy Feel like a lady and you my lady boy  You should be stronger than me You should be stronger than me You should be stronger than me You should be stronger than me",0.99,1,9,3,4,14,10,24,5,3,8
57,57,/songs/118951,Amy Winehouse,Take the Box,https://genius.com/Amy-winehouse-take-the-box-lyrics,http://api.genius.com/songs/118951,Frank,2003-10-20," Your neighbors were screaming I don't have a key for downstairs So I punched all the buzzers Hoping you wouldn't be there And now my head's hurting You say I always get my own way But you were in the shower when I got there And I'd have wanted to stay But I got nothing to say   You were so beautiful Before today But then I heard what you say Man that was ugly   The Moschino bra you bought me last Christmas Put it in the box, put it in the box Frank's in there, I don't care Put it in the box, put it in the box Just take it Take the box Take the box   I came home this evening And nothing felt like how it should be I feel like writing you a letter But that's not me, you know me Feel so damn angry, don't wanna be reminded of you But when I left my mess in your kitchen I said goodbye to your bedroom It smelled of you Mr. False Pretence, you don't make sense I just don't know you But you make me cry, where's my kiss goodbye? I think I love you!   The Moschino bra you bought me last Christmas Put it in the box, put it in the box Frank's in there, I don't care Put it in the box, put it in the box Now take it Take the box Just take it Take it take the box And now just take the Take the box",-0.9533,4,3,5,2,3,7,13,2,1,9
58,58,/songs/62499,Amy Winehouse,Tears Dry on Their Own,https://genius.com/Amy-winehouse-tears-dry-on-their-own-lyrics,http://api.genius.com/songs/62499,Back to Black,2006-10-27,"   All I can ever be to you Is a darkness that we knew And this regret I've got accustomed to Once it was so right When we were at our height Waiting for you in the hotel at night I knew I hadn't met my match But every moment we could snatch I don't know why I got so attached It's my responsibility And you don't owe nothing to me But to walk away I have no capacity   He walks away The sun goes down He takes the day but I'm grown And in your way, in this blue shade My tears dry on their own   I don't understand Why do I stress the man When there's so many bigger things at hand We could a never had it all We had to hit a wall So this is inevitable withdrawal Even if I stop wanting you A perspective pushes through I'll be some next man's other woman soon I can not play myself again I should just be my own best friend Not fuck myself in the head with stupid men   He walks away The sun goes down He takes the day but I'm grown And in your way, in this blue shade My tears dry on their own   So we are history Your shadow covers me The sky above ablaze   He walks away The sun goes down He takes the day but I'm grown And in your way, in this blue shade My tears dry on their own   I wish I could say no regrets And no emotional debts Cause as we kiss goodbye the sun sets So we are history The shadow covers me The sky above ablaze that only lovers see   He walks away The sun goes down He takes the day but I'm grown And in your way, my blue shade My tears dry on their own He walks away The sun goes down He takes the day but I am grown And in your way, my deep shade My tears dry on their own He walks away The sun goes down He takes the day but I'm grown And in your way, my deep shade My tears dry",-0.6065,2,9,0,1,10,8,15,9,8,14
59,59,/songs/800667,Amy Winehouse,Tears Dry (Original),https://genius.com/Amy-winehouse-tears-dry-original-lyrics,http://api.genius.com/songs/800667,Lioness: Hidden Treasures,2011-12-02,"All I can ever be to you is a darkness we once knew And this deep regret I had to get accustomed to Once it felt so right anticipation at its height Lived and weighed in hotel rooms late at night  I knew I hadn't met my match but every moment we could snatch I don't know why I let myself get so attached It's my responsibility you don't owe nothing to me But to cut myself off, I have no capacity  He walks away, the sun goes down He takes the day but I've grown And in your grey in this cool shade My tears dry on their own  I don't understand, why do I stress a man When there's so many bigger things than him at hand We could've never had it all, we had to hit a wall And this is inevitable withdrawal  Even if I stop wanting you, and perspective pushes true I'll be some next man's other woman soon I cannot play myself again, I should just be my own best friend Not fuck myself in the head with stupid men  He walks away, the sun goes down He takes the day but I've​ grown And in your grey in this cool shade My tears dry on their own  Wish I could say no regrets and no emotional debt And as we kiss goodbye the sun behind you sets So we are history, your shadow covers me The sky above, a blaze that only lovers see  He walks away, the sun goes down He takes the day but I've grown And in your grey in this cool shade My tears dry on their own  He walks away, the whole sun goes down He takes the day but I've grown But in your grey in this cool shade My tears dry on their own  In your grey the shade My tears dry on their own  In your grey in this cool shade My tears dry on their own  In his grey in this cool shade My tears dry on their own",0.9295,3,8,0,1,9,10,19,6,6,12
60,60,/songs/2217045,Amy Winehouse,Teo Licks,https://genius.com/Amy-winehouse-teo-licks-lyrics,http://api.genius.com/songs/2217045,None,2015-10-30,"There I go, there I go, there I go, there I go Pretty baby you are the soul, snaps my control Such a funny thing but everytime your near me I never can behave You give me a smile and I'm wrapped up in your magic There's music all around me Crazy music, music that keeps calling me so Baby close to you, turns me into your slave Come on and do with me any little thing that you want to Anything, baby just let me get next to you  So am I insane or do I really see heaven in your eyes? Bright as stars that shine up above you In the clear blue sky, how I worry bout you Just can't live my life without you Baby come here, don't have no fear Oh, is there wonder why I'm really feeling in the mood for love  So tell me why, stop to think about this weather, my dear This little dream might fade away There I go talking out of my head again baby won't you Come and put our two hearts together That would make me strong and brave Oh, when we are one, I'm not afraid, I'm not afraid If there's a cloud up above us Go on and let in rain I'm sure our love together would endure a hurricane Oh my baby won't you please let me love you And get a release from this awful misery  What is all this talk about loving me, my sweet I am not afraid, not anymore, not like before Don't you understand me, now baby please Pull yourself together, do it very soon My heart's on fire, come on and take I'll be what you make me, my darling  Oh baby, you make me feel so good Let me take you by the hand Come let us visit out there In that new promised land  Maybe there we can find A good place to keep a lovin' state of mind I'm so tired of being without it And never knew what love was all about James Moody would you come on hit me You can blow now if you want to, I'm through",0.9968,10,7,3,13,24,17,34,11,5,11
61,61,/songs/328730,Amy Winehouse,The Girl from Ipanema,https://genius.com/Amy-winehouse-the-girl-from-ipanema-lyrics,http://api.genius.com/songs/328730,Lioness: Hidden Treasures,2011-12-02," Tall and tan and young and lovely The girl from Ipanema goes walking and When she passes each one she passes Goes laboo-du-di-daa When she walks, it's just like a samba That swings so cool and sways so gentle That when she passes, each one she passes Goes laboo-du-di-daa   Oh, how I watch her so sadly How can I tell her I love her Yes, I would give my heart gladly But each day, when she walks to the sea She looks straight ahead, not at me   Tall and tan and young and lovely The girl from Ipanema goes walking And when she passes, I go The girl, the girl, the girl From Ipanema, from Ipanema   Oh, how I want her so badly How, how can I tell her I love her Yes, I would give my heart gladly But each day, when she walks to the sea She looks straight ahead, not at me   Tall and tan and young and lovely The girl from Ipanema goes walking And when she passes, I smile But she doesn't see She ain't looking at me",0.9879,0,7,0,1,9,2,14,5,7,4
62,62,/songs/800415,Amy Winehouse,The Girl From Ipanema Song,https://genius.com/Amy-winehouse-the-girl-from-ipanema-song-lyrics,http://api.genius.com/songs/800415,None,2015-10-30,"Tall and tan and young and lovely The girl from Ipanema goes walking now When she passes each one she passes Goes daboo-du-daa When she walks she's just like a samba That swings so cool and sways so gentle That when she passes, each one she passes Goes daboo-du-daa  Oh, but I watch her so sadly How can I tell her I love her Yes, I would give my heart gladly But each day as she walks to the sea She looks straight ahead, not at me  Tall and tan and young and lovely The girl from Ipanema goes walking now When she passes I go di-di-do-di... from Ipanema...  Yea I want her so badly How, how can I tell her I love her Yes, I would give my heart gladly But each day when she walks to the sea She looks straight ahead, not at me  Tall and tan and young and lovely The girl from Ipanema goes walking And when she passes, I smile But she doesn't see She ain't looking at me",0.9908,0,7,0,1,9,2,14,5,7,4
63,63,/songs/328603,Amy Winehouse,(There Is) No Greater Love,https://genius.com/Amy-winehouse-there-is-no-greater-love-lyrics,http://api.genius.com/songs/328603,Frank,2003-10-20," There is no greater love Than what I feel for you No sweeter song, no heart so true There is no greater thrill Than what you bring to me No sweeter song Than what you sing, sing to me You are the sweetest thing I have ever known And to think that you are mine alone (you are mine alone) There is no greater love In all the world, it's true No greater love Than what I feel for you",0.9508,0,3,0,1,8,0,12,2,1,4
64,64,/songs/435840,Amy Winehouse,Trilby,https://genius.com/Amy-winehouse-trilby-lyrics,http://api.genius.com/songs/435840,None,2008-01-01," Bunny's looking pert in her bowling shirt With my Trilby cap my ensembles locked Bunny's looking pert in her bowling shirt With my Trilby cap my ensembles locked   Save a whole floor for my haute couture When I got more shoes than Carrie Bradshaw More bags than I can store... I want more, more, more  Ballet shoes in satin, canvas, and leather Dig out my Denny Mac whatever the weather Rock the red shoes forever shoo-be-doo, shoo-be-doo... mm I want a wardrobe bigger than Nairobi Take four hours to cloth me... hold me down When I pass the top shop in town Cause you carrying my extra bags around... Yeh    Lay you out and lace up Jimmy Choos Pair of shoes for all my jazzes and blues Every fabric of the hue I'm dressing dependent on how I feels Right like a mini Imelda on wheels Bamboo Gucci heels... bamboo Gucci heels An ashtray rests on my cigarette pants Spend it if I get the chance Shop alone, gather bags wherever I roam Cause I'm always unpacking when I get home    I'm gonna pay up Cartier With Agent Provocateur strip poker chips Moschino underwear with hot pink lips... undoing zips  x3",0.7717,2,5,0,1,2,7,13,3,1,9
65,65,/songs/62037,Amy Winehouse,Wake Up Alone,https://genius.com/Amy-winehouse-wake-up-alone-lyrics,http://api.genius.com/songs/62037,Back to Black,2006-12-19," It's okay in the day I'm staying busy Tied up enough so I don't have to wonder where is he Got so sick of crying So just lately When I catch myself I do a 180 I stay up clean the house At least I'm not drinking Run around just so I don't have to think about thinking That silent sense of content That everyone gets Just disappears soon as the sun sets   He gets fierce in my dreams seizing my guts He floors me with dread Soaked to soul he swims in my eyes by the bed Pour myself over him Moon spilling in And I wake up alone   Regardless my heart I'd rather be restless The second I stop the sleep catches up and I'm breathless This ache in my chest 'Cause my day is done now The dark covers me and I cannot run now My blood running cold I stand before him It's all I can do to assure him When he comes to me I drip for him tonight Drowning in me we bathe under blue light   He is fierce in my dreams, seizing my guts He floods me with dread Soaked to his soul He swims in my eyes by the bed Pour myself over him Moon spilling in   And I wake up alone And I wake up alone And I wake up alone And I wake up alone",-0.9578,2,5,5,7,5,9,8,5,3,7
66,66,/songs/2244714,Amy Winehouse,Wake Up Alone - (Original Recording),https://genius.com/Amy-winehouse-wake-up-alone-original-recording-lyrics,http://api.genius.com/songs/2244714,Lioness: Hidden Treasures,2011-12-02,It's okay in the day I'm staying busy Tied up enough so I don't have to wonder where is he Got so sick of crying So just lately When I catch myself I do a 180 I stay up clean the house At least I'm not drinking Run around just so I don't have to think about thinking That silent sense of content That everyone gets Just disappears soon as the sun sets  This face in my dreams seizes my guts He floods me with dread Soaked in soul He swims in my eyes by the bed Pour myself over him Moon spilling in And I wake up alone  If I was my heart I'd rather be restless The second I stop the sleep catches up and I'm breathless This ache in my chest As my day is done now The dark covers me and I cannot run now My blood running cold I stand before him It's all I can do to assure him When he comes to me I drip for him tonight Drowning in me we bathe under blue light  His face in my dreams seizes my guts He floods me with dread Soaked in soul He swims in my eyes by the bed Pour myself over him Moon spilling in And I wake up alone And I wake up alone And I wake up alone And I wake up alone,-0.9578,0,5,3,6,5,7,8,5,3,7
67,67,/songs/2404402,Amy Winehouse,We're Still Friends,https://genius.com/Amy-winehouse-were-still-friends-lyrics,http://api.genius.com/songs/2404402,AMY (Original Soundtrack),2012-08-30,"Hello Friend How has it been ? Ain't it wonderful, you've got a friend? Cause though we've changed in our endeavors I found we still have some things in common  Now ain't it strange, and wonderful? That we're still friends, we're still friends  Through our heart, we've never parted Even through our living We're friends, as friends, friendships all And the way we are when we're together Let us know, that we still, love one another, oh...  Now ain't it strange, and wonderful That we're still friends We're still friends We're still friends We're still friends",0.9845,0,1,0,0,16,0,17,0,3,15
68,68,/songs/135548,Amy Winehouse,What is It About Men,https://genius.com/Amy-winehouse-what-is-it-about-men-lyrics,http://api.genius.com/songs/135548,Frank,2004-08-23," Understand, once he was a family man So surely I would never, ever go through it first hand Emulate all the shit my mother hates I can't help but demonstrate my Freudian fate My alibi for taking your guy History repeats itself, it fails to die And animal aggression is my downfall I don't care about what you got, I want it all   It's bricked up in my head, It's shoved under my bed And I question myself again ""What is it 'bout men?"" My destructive side has grown a mile wide And I question myself again ""What is it 'bout men?"" What is it 'bout men?   I'm nurturing, I just wanna do my thing And I'll take the wrong man as naturally as I sing And I'll save my tears for uncovering my fears Our behavioral patterns that stick over the years   It's bricked up in my head, It's shoved under my bed And I question myself again ""What is it 'bout men?"" My destructive side has grown a mile wide And I question myself again ""What is it 'bout men?"" What is it 'bout men?   It's bricked up in my head, It's shoved under my bed And I question myself again ""What is it 'bout men?"" My destructive side has grown a mile wide And I question myself again ""What is it 'bout men?"" What is it 'bout men?",-0.987,16,3,5,8,3,21,11,5,0,4
69,69,/songs/328637,Amy Winehouse,What It Is,https://genius.com/Amy-winehouse-what-it-is-lyrics,http://api.genius.com/songs/328637,Stonger Than Me / What It Is / Take The Box,2003-10-20," I can see you ahead of me But I'm not always forward thinking I'll tell you what you want to hear It depends on what I've been drinking Because everything I do or say Makes it hard for you to stay We both know, What it is Nowadays we talk too much Like you're forgetting all the good shit You decide whats wrong with me I always used to let you say But now I like to think out loud You're running with some different crowd We both know, What it is   I don't know you anymore, supposed to be the man, that I live my life by And you're attitudes become a bore And I'm so tired, I can't even cry, cry   Mr Ultra Sensitive I'll never let myself forget you Messed each other up you know So I'm sorry if I upset you Tomorrow is another day so I'll call you cause that's OK We both know, What it is   I don't know you anymore, supposed to be the man, that I live my life by And you're attitudes become a bore And I'm so tired, I can't even cry, cry   Relationship doesn't remain We resonate on different planes I could cut you down again If you was like all other men If you were like all other men I know that I could shut you down again But my friend, but my friend   I don't know you anymore, supposed to be the man, that I live my life by And you're attitudes become a bore And I'm so tired, I can't even cry, cry I don't know you anymore, supposed to be the man, that I live my life by And you're attitudes become a bore And I'm so tired, I can't even cry, cry",0.7455,2,2,1,0,3,21,10,9,1,7
70,70,/songs/435859,Amy Winehouse,When My Eyes,https://genius.com/Amy-winehouse-when-my-eyes-lyrics,http://api.genius.com/songs/435859,None,2008-01-01," Waitress on skates in training They dart to call it dreaming Images present themselves to me Seeds are ripe for reaping I continue sleeping You're everything you ever wanted to be And nothing here is changing  No messy rearranging Cause every set of [?] stays the same Sinatra's always singing And you do all the clinging And someone else accepts my place   Whatever my imagination throws So rugged, growing rose When my eyes do close When my eyes do close When they close   Turn and face my ceiling Deep in all the feeling Inhibitions turn to dust and fly away Stop my eyelids flickering With your petty bickering But this time I say What I've got to say I hear my girl Dinah's playing And tree branches start swaying  Run over and sit right by the roof And I see the leaves are growing Little birds are showing Reach out a hand Invite him to the thrown   Nothing such a scrutiny Avoiding all the mutiny You are loving beautifully And it's fragrant beautifully Colorful and monochrome Amy Winehouse alone Far away from ringing phone at home I turn to stone, turn to stone And all the thoughts are static Yeah, my singing is automatic And I wish that I could sell it in my every urge you Tell her Cause I can sense no danger I am the lone ranger Through the desert in a yellow caddy With a black haired blue eyed stranger White dress outside drying I've been fear for flying I overtake Montgomery in skills, yeah Never been more daring Kitten heels I'm wearing Reality a blow that sometimes kills  When I drop it lyrically Words evolve generically And I don't ever need to collapse in tears And I could curse your timing Thunderously miming And I feel young beyond my years  ",-0.4271,9,10,9,12,8,20,16,9,6,12
71,71,/songs/328723,Amy Winehouse,Will You Still Love Me Tomorrow?,https://genius.com/Amy-winehouse-will-you-still-love-me-tomorrow-lyrics,http://api.genius.com/songs/328723,"The Other Side of Amy Winehouse: B-Sides, Remixes & Rarities",2011-12-02," Tonight you're mine completely You give your love so sweetly Tonight the light of love is in your eyes Will you still love me tomorrow? Is this a lasting treasure Or just a moment's pleasure? Can I believe the magic of your sighs? Will you still love me tomorrow? Tonight with words unspoken And you say that I'm the only one, the only one, yeah But will my heart be broken When the night meets the morning star? I'd like to know that your love is love I can be sure of So tell me now, cause I won't ask again Will you still love me tomorrow? Will you still love me tomorrow? Yeah",0.9934,1,6,0,1,10,1,12,1,0,3
72,72,/songs/88356,Amy Winehouse,You Know I'm No Good,https://genius.com/Amy-winehouse-you-know-im-no-good-lyrics,http://api.genius.com/songs/88356,Back to Black,2007-01-08," Meet you downstairs, in the bar and hurt Your rolled up sleeves and your skull t-shirt You say ""What did you do with him today?"" And sniffed me out like I was Tanqueray 'Cause you're my fella, my guy Hand me your Stella and fly By the time I'm out the door You tear men down like Roger Moore   I cheated myself Like I knew I would I told you I was trouble You know that I'm no good   Upstairs in bed with my ex-boy He's in the place but I can't get joy Thinking on you in the final throes This is when my buzzer goes Run out to meet you, chips and pitta You say, ""When we married"" 'cause you're not bitter ""There'll be none of him no more"" I cried for you on the kitchen floor   I cheated myself Like I knew I would I told you I was trouble You know that I'm no good   Sweet reunion, Jamaica and Spain We're like how we were again I'm in the tub, you on the seat Lick your lips as I soap my feet Then you notice likkle carpet burn My stomach drops and my guts churn You shrug and it's the worst Who truly stuck the knife in first   I cheated myself Like I knew I would I told you I was trouble You know that I'm no good  I cheated myself Like I knew I would I told you I was trouble You know that I'm no good",-0.9349,1,7,4,1,6,3,7,1,5,6
73,73,/songs/328638,Amy Winehouse,You're Wondering Now,https://genius.com/Amy-winehouse-youre-wondering-now-lyrics,http://api.genius.com/songs/328638,Back to Black: B-Sides,2006-10-27," You're wondering now, what to do, now you know this is the end You're wondering how, you will pay, for the way you misbehaved   First time I swallowed, now you're on your own I won't return, forever you will wait   You're wondering now, what to do, now you know this is the end   First time I swallowed, now you're on your own I won't return, forever you will wait   You're wondering now, what to do, now you know this is the end You're wondering how, you will pay, for the way you misbehaved You're wondering now, what to do, now you know this is the end You're wondering how, you will pay, for the way you misbehaved",-0.8402,0,7,0,0,3,2,3,0,0,3
74,74,/songs/140953,Amy Winehouse,You Sent Me Flying,https://genius.com/Amy-winehouse-you-sent-me-flying-lyrics,http://api.genius.com/songs/140953,Frank,2003-10-20," Lent you Outsidaz and my new Badu While you were thinking I didn't have a clue Tough to sort files with your voice in my head So then I bribed you downstairs with a Marlboro Red, uh huh  And now I feel so small discovering you knew How much more torture would you have put me through? You probably saw me laughing at all your jokes Or how I did not mind when you stole all my smokes, yeah   And although my pride is not easily disturbed, yeah You sent me flying when you kicked me to the curb With your battered jeans and your Beasties tee Now I can't work like this, with you next to me   And although he's nothing in the scheme of my years It just serves to bludgeon my futile tears And I'm not use to this, no no, I observe yeah, I don't chase But now I'm stuck with consequences, thrust in my face, yeah And the melodramas of my day deliver blows And that surpass your rejection, it just goes to show A simple attraction that reflects right back to me So I'm not as into you as I appear to be   And although my pride is not easily disturbed, yeah You sent me flying when you kicked me to the curb With your battered jeans and your Beasties tee Now I can't work like this, with you next to me   His message was brutal but the delivery was kind Maybe if I get this down, I'll get it off my mind, yeah Oh it serves to condition me and smoothen my kinks Despite my frustration for the way that he thinks And I knew the truth, when it came, would be to that effect At least you're attracted to me which I did not expect Didn't think you'd get my number down as such But I never hated myself, for my age so much, yeah   And although my pride is not easily disturbed, yeah You sent me flying when you kicked me to the curb With your battered jeans and your Beasties tee Now I can't work like this, with you next to me  And although my pride is not easily disturbed, yeah You sent me flying when you kicked me to the curb With your battered jeans and your Beasties tee Now I can't work like this, with you next to me",0.9813,9,4,2,11,6,19,15,13,1,5
